{
	"전라북도": {
		"김제시": [
			0.0,
			0.0
		],
		"부안군": [
			0.0,
			0.0
		],
		"임실군": [
			0.0,
			0.0
		],
		"남원시": [
			0.0,
			0.0
		],
		"장수군": [
			0.0,
			0.0
		],
		"익산시": [
			0.0,
			0.0
		],
		"완주군": [
			0.0,
			0.0
		],
		"정읍시": [
			0.0,
			0.0
		],
		"무주군": [
			0.0,
			0.0
		],
		"고창군": [
			0.0,
			0.0
		],
		"순창군": [
			0.0,
			0.0
		],
		"전주시 덕진구": [
			0.0,
			0.0
		],
		"군산시": [
			0.0,
			0.0
		],
		"진안군": [
			0.0,
			0.0
		],
		"전주시 완산구": [
			0.0,
			0.0
		]
	},
	"서울특별시": {
		"서초구": [
			37.4769528,
			127.0378103
		],
		"중랑구": [
			37.5953795,
			127.0939669
		],
		"동작구": [
			37.4965037,
			126.9443073
		],
		"강남구": [
			37.4959854,
			127.0664091
		],
		"강서구": [
			37.5657617,
			126.8226561
		],
		"관악구": [
			37.4653993,
			126.9438071
		],
		"서대문구": [
			37.5820369,
			126.9356665
		],
		"도봉구": [
			37.6658609,
			127.0317674
		],
		"구로구": [
			37.4954856,
			126.858121
		],
		"광진구": [
			37.5481445,
			127.0857528
		],
		"은평구": [
			37.6176125,
			126.9227004
		],
		"종로구": [
			37.5990998,
			126.9861493
		],
		"양천구": [
			37.5270616,
			126.8561534
		],
		"영등포구": [
			37.520641,
			126.9139242
		],
		"금천구": [
			37.4600969,
			126.9001546
		],
		"용산구": [
			37.5311008,
			126.9810742
		],
		"동대문구": [
			37.5838012,
			127.0507003
		],
		"강동구": [
			37.5492077,
			127.1464824
		],
		"송파구": [
			37.5048534,
			127.1144822
		],
		"강북구": [
			37.6469954,
			127.0147158
		],
		"성북구": [
			37.606991,
			127.0232185
		],
		"마포구": [
			37.5622906,
			126.9087803
		],
		"노원구": [
			37.655264,
			127.0771201
		],
		"성동구": [
			37.5506753,
			127.0409622
		],
		"중구": [
			37.5579452,
			126.9941904
		]
	},
	"부산광역시": {
		"연제구": [
            35.178466,
            129.0450438
		],
		"북구": [
            35.2332997,
            128.9851058
		],
		"남구": [
            35.1074239,
            129.049529
		],
		"사하구": [
            34.9946111,
            128.908048
		],
		"해운대구": [
            35.1771059,
            129.1035598
		],
		"금정구": [
            35.2581267,
            129.0203519
		],
		"중구": [
            35.1050633,
            129.0178384
		],
		"동래구": [
            35.2048671,
            129.0442033
		],
		"서구": [
            35.0725191,
            128.9890763
		],
		"부산진구": [
            35.1657032,
            129.0109321
		],
		"기장군": [
            35.2704647,
            129.0815347
		],
		"강서구": [
            35.0937471,
            128.7379859
		],
		"수영구": [
            35.160699,
            129.0805102
		],
		"영도구": [
            35.0564387,
            129.014999
		],
		"동구": [
            35.1266282,
            129.0098058
		],
		"사상구": [
            35.1598571,
            128.9536172
		]
	},
	"충청북도": {
		"청주시 상당구": [
			0.0,
			0.0
		],
		"청주시 흥덕구": [
			0.0,
			0.0
		],
		"청주시 청원구": [
			0.0,
			0.0
		],
		"진천군": [
			0.0,
			0.0
		],
		"제천시": [
			0.0,
			0.0
		],
		"증평군": [
			0.0,
			0.0
		],
		"음성군": [
			0.0,
			0.0
		],
		"단양군": [
			0.0,
			0.0
		],
		"충주시": [
			0.0,
			0.0
		],
		"옥천군": [
			0.0,
			0.0
		],
		"보은군": [
			0.0,
			0.0
		],
		"영동군": [
			0.0,
			0.0
		],
		"청주시 서원구": [
			0.0,
			0.0
		],
		"괴산군": [
			0.0,
			0.0
		]
	},
	"충청남도": {
		"서산시": [
			0.0,
			0.0
		],
		"홍성군": [
			0.0,
			0.0
		],
		"태안군": [
			0.0,
			0.0
		],
		"금산군": [
			0.0,
			0.0
		],
		"천안시 동남구": [
			0.0,
			0.0
		],
		"청양군": [
			0.0,
			0.0
		],
		"천안시 서북구": [
			0.0,
			0.0
		],
		"공주시": [
			0.0,
			0.0
		],
		"계룡시": [
			0.0,
			0.0
		],
		"서천군": [
			0.0,
			0.0
		],
		"논산시": [
			0.0,
			0.0
		],
		"당진시": [
			0.0,
			0.0
		],
		"보령시": [
			0.0,
			0.0
		],
		"부여군": [
			0.0,
			0.0
		],
		"아산시": [
			0.0,
			0.0
		],
		"예산군": [
			0.0,
			0.0
		]
	},
	"경상북도": {
		"김천시": [
			0.0,
			0.0
		],
		"영양군": [
			0.0,
			0.0
		],
		"성주군": [
			0.0,
			0.0
		],
		"경산시": [
			0.0,
			0.0
		],
		"봉화군": [
			0.0,
			0.0
		],
		"경주시": [
			0.0,
			0.0
		],
		"예천군": [
			0.0,
			0.0
		],
		"울진군": [
			0.0,
			0.0
		],
		"울릉군": [
			0.0,
			0.0
		],
		"영덕군": [
			0.0,
			0.0
		],
		"고령군": [
			0.0,
			0.0
		],
		"의성군": [
			0.0,
			0.0
		],
		"칠곡군": [
			0.0,
			0.0
		],
		"문경시": [
			0.0,
			0.0
		],
		"구미시": [
			0.0,
			0.0
		],
		"청송군": [
			0.0,
			0.0
		],
		"영천시": [
			0.0,
			0.0
		],
		"안동시": [
			0.0,
			0.0
		],
		"포항시 남구": [
			0.0,
			0.0
		],
		"청도군": [
			0.0,
			0.0
		],
		"상주시": [
			0.0,
			0.0
		],
		"포항시 북구": [
			0.0,
			0.0
		],
		"군위군": [
			0.0,
			0.0
		],
		"영주시": [
			0.0,
			0.0
		]
	},
	"경기도": {
		"의왕시": [
			37.3578631,
			126.9395806
		],
		"부천시": [
			37.5005655,
			126.7149604
		],
		"성남시 분당구": [
			37.3753814,
			127.0297115
		],
		"평택시": [
			36.99477987,
			127.0809904
		],
		"수원시 영통구": [
			37.2758993,
			127.0261593
		],
		"양주시": [
			37.8085448,
			127.0385806
		],
		"용인시 기흥구": [
			37.2698575,
			127.085794
		],
		"김포시": [
			37.6136987,
			126.6968904
		],
		"의정부시": [
			37.7325448,
			127.0278806
		],
		"과천시": [
			37.4337487,
			126.9826904
		],
		"성남시 중원구": [
			37.4401693,
			127.1221969
		],
		"시흥시": [
			37.3811293,
			126.6817102
		],
		"수원시 권선구": [
			37.2640862,
			126.9487017
		],
		"수원시 팔달구": [
			37.2751691,
			126.9771096
		],
		"고양시 일산동구": [
			37.6813434,
			126.7601712
		],
		"성남시 수정구": [
			37.4362647,
			127.0373359
		],
		"고양시 일산서구": [
			37.6774086,
			126.6939006
		],
		"남양주시": [
			37.6311948,
			127.1697305
		],
		"수원시 장안구": [
			37.3189992,
			126.966638
		],
		"안양시 동안구": [
			37.4013521,
			126.9199984
		],
		"군포시": [
			37.3594487,
			126.9152404
		],
		"용인시 처인구": [
			37.221464,
			127.1277389
		],
		"가평군": [
			37.8147612,
			127.1633589
		],
		"안양시 만안구": [
			37.4067052,
			126.8774555
		],
		"고양시 덕양구": [
			37.6624605,
			126.8077514
		],
		"이천시": [
			37.2806984,
			127.4301904
		],
		"용인시 수지구": [
			37.3320078,
			127.0442051
		],
		"안성시": [
			37.0112487,
			127.2448904
		],
		"화성시": [
			37.1951487,
			126.7935904
		],
		"광명시": [
			37.4718987,
			126.8490904
		],
		"하남시": [
			37.5443487,
			127.1933404
		],
		"동두천시": [
			37.9090448,
			127.0221306
		],
		"여주시": [
			37.2886554,
			127.4416626
		],
		"오산시": [
			37.1515987,
			127.05349904
		],
		"안산시 상록구": [
			37.3232383,
			126.8400786
		],
		"연천군": [
			38.1151135,
			126.8378832
		],
		"구리시": [
			37.6006987,
			127.1244904
		],
		"안산시 단원구": [
			37.2137371,
			126.4483591
		],
		"파주시": [
			37.7614997,
			126.7673452
		],
		"광주시": [
			37.4040487,
			127.2297404
		],
		"양평군": [
			37.5157407,
			127.3010521
		],
		"포천시": [
			37.8971997,
			127.1926452
		]
	},
	"전라남도": {
		"광양시": [
			0.0,
			0.0
		],
		"고흥군": [
			0.0,
			0.0
		],
		"장성군": [
			0.0,
			0.0
		],
		"완도군": [
			0.0,
			0.0
		],
		"무안군": [
			0.0,
			0.0
		],
		"해남군": [
			0.0,
			0.0
		],
		"나주시": [
			0.0,
			0.0
		],
		"함평군": [
			0.0,
			0.0
		],
		"장흥군": [
			0.0,
			0.0
		],
		"구례군": [
			0.0,
			0.0
		],
		"곡성군": [
			0.0,
			0.0
		],
		"보성군": [
			0.0,
			0.0
		],
		"순천시": [
			0.0,
			0.0
		],
		"강진군": [
			0.0,
			0.0
		],
		"여수시": [
			0.0,
			0.0
		],
		"담양군": [
			0.0,
			0.0
		],
		"영암군": [
			0.0,
			0.0
		],
		"영광군": [
			0.0,
			0.0
		],
		"진도군": [
			0.0,
			0.0
		],
		"신안군": [
			0.0,
			0.0
		],
		"목포시": [
			0.0,
			0.0
		],
		"화순군": [
			0.0,
			0.0
		]
	},
	"대전광역시": {
		"대덕구": [
			0.0,
			0.0
		],
		"서구": [
			0.0,
			0.0
		],
		"유성구": [
			0.0,
			0.0
		],