{
	"전라북도": {
		"김제시": [
            35.7996671,
            126.8825738
		],
		"부안군": [
            35.6832461,
            126.1886774
		],
		"임실군": [
            35.6205132,
            127.1197484
		],
		"남원시": [
            35.4138337,
            127.3745475
		],
		"장수군": [
            35.6536318,
            127.3863978
		],
		"익산시": [
            35.9487144,
            126.9415947
		],
		"완주군": [
            35.875615,
            126.9047314
		],
		"정읍시": [
            35.5759647,
            126.8244447
		],
		"무주군": [
            35.9284069,
            127.5779256
		],
		"고창군": [
            35.4411141,
            126.4455916
		],
		"순창군": [
            35.4286931,
            126.9441474
		],
		"전주시 덕진구": [
            35.8515464,
            127.0467706
		],
		"군산시": [
            35.9659144,
            126.6759447
		],
		"진안군": [
            35.8272188,
            127.3056465
		],
		"전주시 완산구": [
            35.788338,
            127.0612994
		]
	},
	"서울특별시": {
		"서초구": [
			37.4769528,
			127.0378103
		],
		"중랑구": [
			37.5953795,
			127.0939669
		],
		"동작구": [
			37.4965037,
			126.9443073
		],
		"강남구": [
			37.4959854,
			127.0664091
		],
		"강서구": [
			37.5657617,
			126.8226561
		],
		"관악구": [
			37.4653993,
			126.9438071
		],
		"서대문구": [
			37.5820369,
			126.9356665
		],
		"도봉구": [
			37.6658609,
			127.0317674
		],
		"구로구": [
			37.4954856,
			126.858121
		],
		"광진구": [
			37.5481445,
			127.0857528
		],
		"은평구": [
			37.6176125,
			126.9227004
		],
		"종로구": [
			37.5990998,
			126.9861493
		],
		"양천구": [
			37.5270616,
			126.8561534
		],
		"영등포구": [
			37.520641,
			126.9139242
		],
		"금천구": [
			37.4600969,
			126.9001546
		],
		"용산구": [
			37.5311008,
			126.9810742
		],
		"동대문구": [
			37.5838012,
			127.0507003
		],
		"강동구": [
			37.5492077,
			127.1464824
		],
		"송파구": [
			37.5048534,
			127.1144822
		],
		"강북구": [
			37.6469954,
			127.0147158
		],
		"성북구": [
			37.606991,
			127.0232185
		],
		"마포구": [
			37.5622906,
			126.9087803
		],
		"노원구": [
			37.655264,
			127.0771201
		],
		"성동구": [
			37.5506753,
			127.0409622
		],
		"중구": [
			37.5579452,
			126.9941904
		]
	},
	"부산광역시": {
		"연제구": [
            35.178466,
            129.0450438
		],
		"북구": [
            35.2332997,
            128.9851058
		],
		"남구": [
            35.1074239,
            129.049529
		],
		"사하구": [
            34.9946111,
            128.908048
		],
		"해운대구": [
            35.1771059,
            129.1035598
		],
		"금정구": [
            35.2581267,
            129.0203519
		],
		"중구": [
            35.1050633,
            129.0178384
		],
		"동래구": [
            35.2048671,
            129.0442033
		],
		"서구": [
            35.0725191,
            128.9890763
		],
		"부산진구": [
            35.1657032,
            129.0109321
		],
		"기장군": [
            35.2704647,
            129.0815347
		],
		"강서구": [
            35.0937471,
            128.7379859
		],
		"수영구": [
            35.160699,
            129.0805102
		],
		"영도구": [
            35.0564387,
            129.014999
		],
		"동구": [
            35.1266282,
            129.0098058
		],
		"사상구": [
            35.1598571,
            128.9536172
		]
	},
	"충청북도": {
		"청주시 상당구": [
            36.6549993,
            127.4318071
		],
		"청주시 흥덕구": [
            36.6329064,
            127.3623227
		],
		"청주시 청원구": [
            36.6333754,
            127.3616358
		],
		"진천군": [
            36.8803879,
            127.2964448
		],
		"제천시": [
            37.1432132,
            128.1664947
		],
		"증평군": [
            36.7817565,
            127.5324415
		],
		"음성군": [
            36.994684,
            127.4812633
		],
		"단양군": [
            36.9801076,
            128.1561039
		],
		"충주시": [
            36.9858634,
            127.8922447
		],
		"옥천군": [
            36.3085225,
            127.408001
		],
		"보은군": [
            36.4923859,
            127.431786
		],
		"영동군": [
            36.1652284,
            127.5432561
		],
		"청주시 서원구": [
            36.6116279,
            127.4411176
		],
		"괴산군": [
            36.7772432,
            127.5627051
		]
	},
	"충청남도": {
		"서산시": [
            36.7799331,
            126.4381475
		],
		"홍성군": [
            36.5655881,
            126.4492423
		],
		"태안군": [
            36.6964071,
            125.9482863
		],
		"금산군": [
            36.1268437,
            127.338119
		],
		"천안시 동남구": [
            36.7562602,
            126.9342472
		],
		"청양군": [
            36.4430005,
            126.7087315
		],
		"천안시 서북구": [
            36.8793495,
            127.0420463
		],
		"공주시": [
            36.4589832,
            127.1163975
		],
		"계룡시": [
            36.2727641,
            127.2214947
		],
		"서천군": [
            36.0936696,
            126.378701
		],
		"논산시": [
            36.1957834,
            127.0763975
		],
		"당진시": [
            36.9217499,
            126.322504
		],
		"보령시": [
            36.9217499,
            126.322504
		],
		"부여군": [
            36.2288741,
            126.7354532
		],
		"아산시": [
            36.7813831,
            126.9878975
		],
		"예산군": [
            36.6654837,
            126.6368181
		]
	},
	"경상북도": {
		"김천시": [
            36.1358642,
            128.0784947
		],
		"영양군": [
            36.6890394,
            129.0074233
		],
		"성주군": [
            35.9165267,
            128.0844103
		],
		"경산시": [
            35.8235645,
            128.6941947
		],
		"봉화군": [
            36.9261407,
            128.633872
		],
		"경주시": [
            35.8534645,
            129.1692447
		],
		"예천군": [
            36.6299466,
            128.2909682
		],
		"울진군": [
            36.9071273,
            129.006503
		],
		"울릉군": [
            37.3776307,
            130.7606617
		],
		"영덕군": [
            36.4441632,
            129.1810224
		],
		"고령군": [
            35.7334414,
            128.1800306
		],
		"의성군": [
            36.361215,
            128.3114934
		],
		"칠곡군": [
            36.0063472,
            128.3197092
		],
		"문경시": [
            36.5946332,
            128.1768475
		],
		"구미시": [
            36.1149182,
            128.3037883
		],
		"청송군": [
            36.377684,
            128.7706404
		],
		"영천시": [
            35.9750335,
            128.9236475
		],
		"안동시": [
            36.5627638,
            128.6916947
		],
		"포항시 남구": [
            35.9692446,
            129.2961574
		],
		"청도군": [
            35.7055031,
            128.5037976
		],
		"상주시": [
            36.4169333,
            128.1432975
		],
		"포항시 북구": [
            36.1732792,
            128.9636482
		],
		"군위군": [
            36.1675773,
            128.3744238
		],
		"영주시": [
            36.8156331,
            128.6020475
		]
	},
	"경기도": {
		"의왕시": [
			37.3578631,
			126.9395806
		],
		"부천시": [
			37.5005655,
			126.7149604
		],
		"성남시 분당구": [
			37.3753814,
			127.0297115
		],
		"평택시": [
			36.99477987,
			127.0809904
		],
		"수원시 영통구": [
			37.2758993,
			127.0261593
		],
		"양주시": [
			37.8085448,
			127.0385806
		],
		"용인시 기흥구": [
			37.2698575,
			127.085794
		],
		"김포시": [
			37.6136987,
			126.6968904
		],
		"의정부시": [
			37.7325448,
			127.0278806
		],
		"과천시": [
			37.4337487,
			126.9826904
		],
		"성남시 중원구": [
			37.4401693,
			127.1221969
		],
		"시흥시": [
			37.3811293,
			126.6817102
		],
		"수원시 권선구": [
			37.2640862,
			126.9487017
		],
		"수원시 팔달구": [
			37.2751691,
			126.9771096
		],
		"고양시 일산동구": [
			37.6813434,
			126.7601712
		],
		"성남시 수정구": [
			37.4362647,
			127.0373359
		],